1,r,o,b,g,r,o,r,y,y
2,y,b,w,w,g,y,g,o,w
3,o,w,w,b,o,b,o,r,g
4,g,w,o,r,y,g,r,w,y
5,o,r,w,g,w,r,b,y,r
6,g,r,y,o,o,b,b,w,w
7,b,y,b,w,y,w,g,r,y
8,w,y,w,g,r,b,g,y,g
9,b,o,e,o,w,w,y,y,y
10,r,g,r,b,g,b,o,g,r
11,o,o,o,r,b,r,r,g,o
12,y,b,y,b,o,o,w,o,b
13,w,w,b,w,b,w,y,g,g
14,y,o,g,b,r,g,b,y,b
15,g,y,g,w,g,o,w,b,w
16,o,r,o,y,w,y,o,r,r
17,r,r,r,g,y,g,r,r,r
18,b,g,w,o,r,b,y,b,y
19,w,r,w,y,w,w,g,r,g
20,b,y,b,o,o,b,g,o,y
21,g,r,y,w,y,g,b,r,w
22,o,y,r,w,b,g,r,b,r
23,y,o,b,b,r,g,y,b,w
24,r,w,o,y,g,o,o,g,o
25,b,b,y,y,o,o,b,o,g
26,w,w,g,r,w,r,w,y,g
27,b,w,g,r,y,r,w,g,y
28,r,w,o,b,b,y,r,g,r
29,b,w,g,r,y,r,w,g,y
30,o,o,o,w,g,g,r,y,o
31,w,w,g,r,w,r,w,y,g
32,w,b,y,g,r,b,b,o,y
33,g,o,b,o,o,y,y,b,b
34,o,g,g,b,r,o,r,b,b
35,w,r,b,g,w,w,y,r,g
36,y,y,o,b,o,g,w,o,r
37,w,w,g,r,y,r,w,y,g
38,o,y,o,g,g,w,b,o,w
39,r,w,r,o,b,y,y,b,b
40,o,y,o,w,b,b,b,o,y
41,y,b,y,y,r,r,g,g,o
42,y,o,r,w,g,g,b,y,w
43,g,o,g,y,o,g,o,b,w
44,b,w,b,r,w,b,w,g,r
45,w,r,w,o,y,w,r,r,g
46,w,g,o,g,w,y,g,w,g
47,r,b,w,w,o,o,o,w,b
48,b,w,y,y,b,o,b,g,b
49,g,o,r,b,r,r,r,g,r
50,g,w,g,y,w,g,o,g,w
51,y,r,o,r,y,r,y,y,g
52,r,b,g,g,r,o,r,r,r
53,o,r,g,r,y,y,y,r,y
54,w,o,b,b,o,w,r,w,o
55,o,y,g,g,w,w,w,g,g
56,w,b,w,o,g,y,y,b,o
57,b,g,b,o,b,y,y,w,b
58,b,w,o,o,o,w,w,b,r
59,w,b,w,o,g,y,y,b,o
60,r,g,r,r,r,b,r,o,g
61,b,g,b,o,b,y,y,w,b
62,o,r,g,r,y,y,y,r,y
63,o,y,g,g,w,w,w,g,g
64,w,g,o,g,w,y,g,w,g
65,b,y,b,g,b,w,b,o,w
66,g,y,y,r,y,r,o,r,y
67,y,o,w,b,g,b,o,y,w
68,r,r,r,o,r,g,g,b,r
69,g,g,w,w,w,g,g,y,o
70,o,w,r,w,o,b,b,o,w
71,b,b,g,g,b,y,r,r,r
72,b,w,o,g,r,o,y,b,y
73,o,w,w,o,g,y,w,b,r
74,r,b,g,o,o,w,w,g,o
75,y,r,o,y,w,g,w,o,y
76,g,r,b,w,y,y,g,r,b
77,g,w,g,b,r,g,o,r,y
78,g,o,o,g,w,y,y,w,w
79,y,o,w,b,o,w,b,y,b
80,y,o,o,r,y,r,b,g,w
81,w,g,r,b,b,b,r,y,g
82,o,b,g,r,r,w,y,g,g
83,r,o,b,r,g,w,r,y,o
84,g,w,g,b,r,g,o,r,y
85,g,o,o,g,w,y,y,w,w
86,y,o,w,b,o,w,b,y,b
87,y,o,o,r,y,r,b,g,w
88,w,g,r,b,b,b,r,y,g
89,r,o,b,r,g,w,r,y,o
90,r,o,b,r,g,w,r,y,o
91,b,g,y,y,w,o,b,y,r
92,o,y,r,w,g,r,g,r,o
93,o,y,r,w,g,r,g,r,o
94,y,o,o,b,o,w,b,g,w
95,y,b,g,w,r,o,w,g,o
96,r,b,b,r,g,o,o,o,y
97,r,b,b,r,g,o,o,o,y
98,y,b,g,w,o,b,w,b,y
99,y,b,g,w,o,b,w,b,y
100,y,r,r,g,b,g,w,g,o
101,r,g,y,w,g,b,g,g,o
102,g,w,w,w,r,g,b,o,b
103,r,o,w,w,r,g,y,w,w
104,o,r,w,y,g,r,y,o,b
105,b,o,b,b,o,b,r,y,g
106,g,g,o,y,b,w,g,r,g
107,b,b,w,b,w,g,r,r,y
108,o,w,r,o,y,g,y,y,o
109,b,b,g,w,w,b,y,g,r
110,g,g,o,y,g,r,r,y,g
111,b,y,w,g,y,b,b,w,g
112,w,w,y,w,b,y,w,r,o
113,y,r,r,o,o,r,o,g,r
114,y,w,b,g,w,b,r,b,g
115,y,o,o,o,r,o,w,b,b
116,w,b,g,y,y,w,b,g,b
117,r,o,o,o,o,o,b,w,y
118,b,g,b,b,w,g,r,b,y
119,b,r,w,r,r,o,g,b,w
120,g,b,r,w,y,y,o,g,y
121,y,y,o,y,g,g,w,w,w
122,g,r,o,y,b,r,r,w,g
123,r,o,b,o,r,g,o,y,y
124,r,y,g,g,g,y,y,o,w
125,o,o,y,b,o,r,g,r,o
126,w,w,w,w,b,r,r,r,o
127,w,b,g,g,w,b,r,b,g
128,b,w,b,w,y,g,y,y,b
129,r,y,g,w,b,r,o,y,y
130,o,o,y,o,r,g,y,o,w
131,w,w,w,g,g,y,g,r,o
132,r,o,b,b,o,r,r,r,o
133,g,b,g,b,w,b,w,g,r
134,b,w,b,w,y,g,y,y,b
135,w,w,w,w,b,r,g,r,o
136,r,o,b,o,r,g,r,r,o
137,r,y,g,y,y,g,o,y,y
138,g,b,r,r,w,g,g,b,w
139,y,w,b,y,y,w,b,g,b
140,y,w,b,y,y,w,b,g,b
141,y,b,o,o,o,o,w,r,y
142,g,y,y,y,g,y,r,g,o
143,r,w,o,y,r,g,b,r,b
144,b,y,g,r,g,w,b,y,w
145,y,r,w,w,y,y,o,b,y
146,y,w,g,y,b,o,g,r,g
147,g,y,r,y,y,b,b,w,b
148,y,o,y,y,o,b,b,g,o
149,y,w,g,g,w,o,o,b,y
150,r,o,w,g,r,w,g,w,r
151,g,y,r,y,r,b,r,o,g
152,y,g,y,g,w,o,b,w,b
153,w,g,w,o,g,r,w,r,o
154,g,y,r,b,b,o,y,r,o
155,y,b,o,w,o,o,r,y,g
156,w,o,w,g,w,w,o,r,g
157,r,b,g,g,r,r,y,o,y
158,b,w,o,r,o,y,w,y,r
159,o,y,b,b,g,w,y,g,b
160,o,g,w,r,w,r,g,w,o
161,o,g,w,o,w,r,g,o,w
162,g,b,g,b,g,w,y,o,r
163,o,w,r,b,y,r,w,g,b
164,o,y,y,w,o,o,b,r,y
165,b,y,b,y,b,g,o,w,y
166,w,g,r,y,r,b,r,r,g
167,r,g,y,y,y,o,w,y,y
168,o,b,g,y,o,o,o,g,o
169,r,w,b,g,r,y,g,o,b
170,w,y,g,r,r,y,g,g,b
171,r,w,b,b,w,g,y,o,w
172,o,b,g,y,g,w,o,g,o
173,r,y,b,r,y,o,w,g,b
174,b,y,g,o,r,b,r,w,r
175,r,g,y,w,g,b,r,g,g
176,b,y,o,b,o,g,g,r,w
177,g,b,o,y,r,w,b,o,o
178,w,g,r,g,g,g,o,b,y
179,g,w,r,g,o,y,y,w,w
180,g,o,b,r,y,y,w,r,o
181,o,o,r,b,w,g,g,o,y
182,y,r,r,w,g,w,b,g,o
183,g,o,b,r,y,y,w,y,r
184,o,o,g,b,b,w,w,r,r
185,y,b,b,w,r,y,w,b,y
186,r,g,y,o,w,o,o,b,g
187,o,y,g,g,o,r,w,g,b
188,w,r,g,y,y,o,r,y,b
189,w,r,g,y,y,o,r,y,b
190,o,b,g,g,r,r,w,b,b
191,r,g,y,o,w,o,o,b,g
192,y,g,b,w,o,y,w,y,y
193,b,w,y,o,b,r,o,w,r
194,w,g,o,b,r,b,b,r,g
195,g,w,r,g,g,r,o,b,w
196,b,y,y,g,o,y,y,w,w
197,y,o,g,g,w,b,r,o,o
198,o,o,b,w,b,w,r,r,y
199,r,r,w,b,o,b,o,w,o
200,g,g,b,o,b,y,y,b,b
201,b,o,y,o,r,y,r,g,r
202,w,y,w,b,g,o,y,w,g
203,w,b,g,w,o,r,o,b,o
204,o,g,y,w,y,w,g,r,r
205,w,r,r,r,w,y,o,g,b
206,y,b,w,r,o,w,g,o,b
207,b,w,y,y,y,r,b,w,g
208,w,b,g,y,r,y,w,g,g
209,e,w,y,o,w,y,b,o,y
210,r,b,r,g,g,g,r,b,o
211,o,r,o,o,b,g,o,r,r
212,y,o,b,b,o,o,y,b,w
213,b,w,g,w,b,g,w,w,y
214,g,g,b,o,r,y,y,b,b
215,g,o,w,y,g,b,g,w,w
216,o,y,r,r,w,r,o,y,o
217,r,g,r,r,y,r,r,g,r
218,w,b,y,g,r,b,b,o,y
219,w,w,g,r,w,r,w,y,g
220,b,b,y,y,o,o,b,o,g
221,y,g,w,r,y,r,g,w,b
222,r,g,r,y,b,b,o,w,r
223,b,g,w,o,r,b,y,b,y
224,o,o,o,w,g,g,r,y,o
225,y,o,g,b,o,o,b,y,b
226,g,r,g,w,w,y,w,r,w
227,g,r,y,w,y,g,b,r,w
228,o,y,r,w,b,g,r,b,r
229,g,r,y,w,y,g,b,r,w
230,o,g,o,o,g,y,o,w,r
231,g,r,g,w,w,y,w,r,w
232,y,b,y,b,r,o,w,g,b
233,b,y,b,o,o,b,g,o,y
234,g,o,b,g,r,b,o,b,r
235,b,w,g,r,w,r,w,g,y
236,o,g,r,y,o,o,y,b,w
237,g,r,g,w,y,y,w,r,w
238,o,w,w,y,g,o,o,g,b
239,r,y,b,w,b,b,r,o,y
240,o,b,y,y,b,o,o,w,b
241,y,r,o,b,r,g,y,y,g
242,r,g,w,o,g,y,y,w,b
243,g,g,w,o,o,b,g,y,o
244,b,b,r,w,w,g,b,r,w
245,w,w,g,r,y,r,w,o,r
246,o,y,g,g,w,w,w,g,g
247,w,o,b,b,o,w,r,w,o
248,y,o,b,w,b,g,b,y,b
249,r,r,r,o,r,g,g,b,r
250,g,g,w,w,w,g,g,y,o
251,o,r,g,r,y,y,y,r,y
252,g,o,r,b,r,r,r,g,r
253,g,y,y,r,y,r,o,r,y
254,b,w,o,o,o,w,w,b,r
255,g,w,g,y,w,g,o,g,w
256,w,y,o,b,g,b,w,o,y
257,b,y,b,g,b,w,b,o,y
258,o,w,r,w,o,b,b,o,w
259,w,y,o,b,g,b,w,o,y
260,r,b,g,g,r,o,r,r,r
261,b,y,b,g,b,w,b,o,y
262,g,y,y,r,y,r,o,r,y
263,g,w,g,y,w,g,o,g,w
264,o,y,g,g,w,w,w,g,g
265,b,w,w,y,b,o,b,g,b
266,y,r,y,y,y,r,g,r,o
267,w,b,w,o,g,y,y,b,o
268,r,g,r,r,r,b,r,o,g
269,w,g,o,g,w,y,g,w,g
270,r,b,w,w,o,o,o,w,b
271,g,y,r,b,b,r,b,g,r
272,o,o,y,w,r,b,b,g,y
273,w,y,r,w,g,b,o,o,w
274,g,w,o,b,o,g,r,o,w
275,o,g,y,r,w,o,y,y,w
276,b,y,b,r,y,r,g,w,g
277,g,g,y,w,r,r,g,b,o
278,o,y,w,o,w,w,g,g,y
279,w,w,b,o,o,y,y,b,b
280,o,r,w,o,y,g,y,r,b
281,r,b,g,g,b,y,w,b,r
282,g,w,g,b,r,g,o,r,y
283,b,w,o,o,g,y,r,r,r
284,g,g,y,w,r,r,g,b,o
285,o,y,w,o,w,w,g,g,y
286,w,w,b,o,o,y,y,b,b
287,o,r,w,o,y,g,y,r,b
288,r,b,g,g,b,y,w,b,r
289,b,w,o,o,g,y,r,r,r
290,b,w,o,o,g,y,r,r,r
291,y,o,r,g,w,y,b,y,b
292,r,r,o,y,g,r,o,w,g
293,r,r,o,y,g,r,o,w,g
294,o,w,w,o,o,g,y,b,b
295,g,o,o,b,r,g,y,w,w
296,b,o,y,b,g,o,r,r,o
297,b,o,y,b,g,o,r,r,o
298,g,b,y,b,o,b,y,w,w
299,g,b,y,b,o,b,y,w,w
300,r,g,o,r,b,g,y,g,w
301,y,b,o,g,g,g,r,w,g
302,w,g,b,w,r,o,g,w,b
303,w,g,w,o,r,w,r,w,y
304,w,r,b,r,g,o,o,y,y
305,b,b,g,o,o,y,b,b,r
306,o,w,g,g,b,r,g,y,g
307,w,g,y,b,w,r,b,b,r
308,r,g,o,w,y,y,o,o,y
309,g,b,r,b,w,g,b,w,y
310,o,r,g,g,g,y,g,y,r
311,w,b,g,y,y,w,b,g,b
312,y,y,o,w,b,r,w,w,w
313,r,r,r,r,o,g,y,o,o
314,b,b,g,w,w,b,y,g,r
315,o,o,b,o,r,b,y,o,w
316,g,w,b,b,y,g,w,y,b
317,o,o,y,o,o,w,r,o,b
318,b,g,y,g,w,b,b,b,r
319,w,o,w,r,r,b,b,r,g
320,r,y,y,b,y,g,g,w,o
321,o,g,w,y,g,w,y,y,w
322,o,r,g,r,b,w,g,y,r
323,b,g,y,o,r,y,r,o,o
324,g,y,w,y,g,o,r,g,y
325,y,r,o,o,o,r,o,b,g
326,w,r,o,w,b,r,w,w,r
327,g,b,g,b,w,b,w,g,r
328,b,g,b,w,y,y,b,w,y
329,g,r,y,y,b,y,r,w,o
330,y,g,w,o,r,o,o,o,y
331,w,y,o,w,g,r,w,g,g
332,b,r,o,o,o,r,r,b,r
333,g,b,r,b,w,g,g,b,w
334,b,g,b,w,y,y,b,w,y
335,w,r,o,w,b,r,w,w,g
336,b,g,o,o,r,r,r,o,r
337,g,g,y,y,y,y,r,y,o
338,r,g,w,b,w,b,g,r,g
339,b,w,b,w,y,g,y,y,b
340,b,w,b,w,y,g,y,y,b
341,o,o,y,b,o,r,y,o,w
342,y,y,o,y,g,g,g,y,r
343,o,g,b,w,r,r,r,y,b
344,g,w,w,y,g,y,b,r,b
345,w,y,y,r,y,b,y,w,o
346,g,o,g,w,b,r,y,y,g
347,r,b,b,y,y,w,g,y,b
348,y,b,o,o,o,g,y,y,b
349,g,o,y,w,w,b,y,g,o
350,w,w,r,o,r,w,r,g,g
351,r,b,g,y,r,o,g,y,r
352,y,o,b,g,w,w,y,g,b
353,w,r,o,g,g,r,w,o,w
354,r,o,o,y,b,r,g,b,y
355,o,o,g,b,o,y,y,w,r
356,w,w,g,o,w,r,w,g,o
357,g,r,y,b,r,o,r,g,y
358,o,y,r,w,o,y,b,r,w
359,b,w,b,y,g,g,o,b,y
360,w,r,o,g,w,w,o,r,g
361,w,r,w,g,w,o,o,o,g
362,g,w,r,b,g,o,g,b,y
363,r,r,b,w,y,g,o,b,w
364,y,o,y,y,o,r,o,w,b
365,b,g,y,y,b,w,b,y,o
366,r,b,g,g,r,r,w,y,r
367,y,o,y,g,y,y,r,y,w
368,g,o,o,b,o,g,o,y,o
369,b,y,b,w,r,o,r,g,g
370,g,y,b,y,r,g,w,r,g
371,b,g,w,w,w,o,r,b,y
372,g,w,o,b,g,g,o,y,o
373,b,o,b,y,y,g,r,r,w
374,g,b,r,y,r,w,b,o,r
375,y,b,g,g,g,g,r,w,r
376,o,g,w,y,o,r,b,b,g
377,o,w,o,b,r,o,g,y,b
378,r,g,y,g,g,b,w,g,o
379,r,y,w,w,o,w,g,g,y
380,b,y,o,o,y,r,g,r,w
381,r,g,y,o,w,o,o,b,g
382,r,w,o,r,g,g,y,w,b
383,b,y,r,o,y,y,g,r,w
384,g,w,r,o,b,r,o,b,w
385,b,y,y,b,r,b,y,w,w
386,y,o,g,g,w,b,r,o,o
387,g,r,b,y,o,g,o,g,w
388,g,o,b,r,y,y,w,y,r
389,g,o,b,r,y,y,w,y,r
390,g,r,b,b,r,b,o,g,w
391,y,o,g,g,w,b,r,o,o
392,b,y,y,g,o,y,y,w,w
393,y,r,r,w,b,w,b,o,o
394,o,b,g,g,r,r,w,b,b
395,r,r,w,w,g,b,g,g,o
396,y,y,w,y,o,w,b,g,y
397,g,b,o,o,w,o,y,g,r
398,b,w,y,o,b,r,o,w,r
399,w,b,o,r,o,w,r,b,o
400,b,y,b,g,b,b,g,o,y
401,y,y,r,o,r,g,b,o,r
402,w,o,g,y,g,w,w,b,y
403,g,r,o,b,o,b,w,w,o
404,y,w,r,g,y,r,o,w,g
405,r,y,b,r,w,g,w,r,o
406,w,w,b,b,o,o,y,r,g
407,y,r,g,w,y,w,b,y,b
408,g,y,g,b,r,g,w,y,w
409,y,y,y,w,w,o,e,o,b
410,r,g,o,b,g,b,r,g,r
411,o,g,r,r,b,r,o,o,o
412,b,o,w,o,o,b,y,b,y
413,g,g,y,w,b,w,b,w,w
414,b,y,b,g,r,b,g,o,y
415,w,b,w,o,g,w,g,y,g
416,r,r,o,y,w,y,o,r,o
417,r,r,r,g,y,g,r,r,r
418,y,b,y,b,r,o,w,g,b
419,g,r,g,w,w,y,w,r,w
420,y,o,g,b,o,o,b,y,b
421,w,r,b,g,y,w,y,r,g
422,r,b,r,g,b,w,r,y,o
423,w,b,y,g,r,b,b,o,y
424,o,g,o,o,g,y,o,w,r
425,g,o,b,o,o,y,y,b,b
426,g,y,w,r,w,r,g,w,w
427,y,g,w,r,y,r,g,w,b
428,r,g,r,y,b,b,o,w,r
429,y,g,w,r,y,r,g,w,b
430,o,y,r,g,g,w,o,o,o
431,g,y,w,r,w,r,g,w,w
432,y,o,b,b,r,g,y,b,w
433,b,b,y,y,o,o,b,o,g
434,b,b,r,o,r,b,g,g,o
435,g,r,y,w,w,g,b,r,w
436,r,o,w,g,o,b,o,y,y
437,g,y,w,r,y,r,g,w,w
438,w,o,b,w,g,g,o,y,o
439,b,b,y,y,b,o,r,w,r
440,y,o,b,b,b,w,o,y,o
441,o,g,g,r,r,y,y,b,y
442,w,y,b,g,g,w,r,o,y
443,w,b,o,g,o,y,g,o,g
444,r,g,w,b,w,r,b,w,b
445,g,r,r,w,y,o,w,r,w
446,g,w,g,y,w,g,o,g,w
447,b,w,o,o,o,w,w,b,r
448,b,g,b,o,b,y,y,w,b
449,r,g,r,r,r,b,r,o,g
450,w,g,o,g,w,y,g,w,g
451,g,y,y,r,y,r,o,r,y
452,r,r,r,o,r,g,g,b,r
453,y,r,y,y,y,r,g,r,o
454,o,w,r,w,o,b,b,o,w
455,g,g,w,w,w,g,g,y,o
456,o,b,y,y,g,o,w,b,w
457,b,w,y,y,b,o,b,g,b
458,r,b,w,w,o,o,o,w,b
459,o,b,y,y,g,o,w,b,w
460,g,o,r,b,r,r,r,g,r
461,b,w,y,y,b,o,b,g,b
462,y,r,y,y,y,r,g,r,o
463,g,g,w,w,w,g,g,y,o
464,g,w,g,y,w,g,o,g,w
465,w,o,b,w,b,g,b,y,b
466,y,r,o,r,y,r,y,y,g
467,w,y,o,b,g,b,w,o,y
468,r,b,g,g,r,o,r,r,r
469,o,y,g,g,w,w,w,g,g
470,w,o,b,b,o,w,r,w,o
471,r,r,r,y,b,g,g,b,b
472,y,b,y,o,r,g,o,w,b
473,r,b,w,y,g,o,w,w,o
474,o,g,w,w,o,o,g,b,r
475,y,o,w,g,w,y,o,r,y
476,b,r,g,y,y,w,b,r,g
477,y,r,o,g,r,b,g,w,g
478,w,w,y,y,w,g,o,o,g
479,b,y,b,w,o,b,w,o,y
480,w,g,b,r,y,r,o,o,y
481,g,y,r,b,b,b,r,g,w
482,g,g,y,w,r,r,g,b,o
483,o,y,r,w,g,r,b,o,r
484,y,r,o,g,r,b,g,w,g
485,w,w,y,y,w,g,o,o,g
486,b,y,b,w,o,b,w,o,y
487,w,g,b,r,y,r,o,o,y
488,g,y,r,b,b,b,r,g,w
489,o,y,r,w,g,r,b,o,r
490,o,y,r,w,g,r,b,o,r
491,r,y,b,o,w,y,y,g,b
492,o,r,g,r,g,w,r,y,o
493,o,r,g,r,g,w,r,y,o
494,w,g,b,w,o,b,o,o,y
495,o,g,w,o,r,w,g,b,y
496,y,o,o,o,g,r,b,b,r
497,y,o,o,o,g,r,b,b,r
498,y,b,w,b,o,w,g,b,y
499,y,b,w,b,o,w,g,b,y
500,o,g,w,g,b,g,r,r,y
501,o,g,g,b,g,w,y,g,r
502,b,o,b,g,r,w,w,w,g
503,w,w,y,g,r,w,w,o,r
504,b,o,y,r,g,y,w,r,o
505,g,y,r,b,o,b,b,o,b
506,g,r,g,w,b,y,o,g,g
507,y,r,r,g,w,b,w,b,b
508,o,y,y,g,y,o,r,w,o
509,r,g,y,b,w,w,g,b,b
510,g,y,r,r,g,y,o,g,g
511,g,w,b,b,y,g,w,y,b
512,o,r,w,y,b,w,y,w,w
513,r,g,o,r,o,o,r,r,y
514,g,b,r,b,w,g,b,w,y
515,b,b,w,o,r,o,o,o,y
516,b,g,b,w,y,y,g,b,w
517,y,w,b,o,o,o,o,o,r
518,y,b,r,g,w,b,b,g,b
519,w,b,g,o,r,r,w,r,b
520,y,g,o,y,y,w,r,b,g
521,w,w,w,g,g,y,o,y,y
522,g,w,r,r,b,y,o,r,g
523,y,y,o,g,r,o,b,o,r
524,w,o,y,y,g,g,g,y,r
525,o,r,g,r,o,b,y,o,o
526,o,r,r,r,b,w,w,w,w
527,g,b,r,b,w,g,g,b,w
528,b,y,y,g,y,w,b,w,b
529,y,y,o,r,b,w,g,y,r
530,w,o,y,g,r,o,y,o,o
531,o,r,g,y,g,g,w,w,w
532,o,r,r,r,o,b,b,o,r
533,r,g,w,b,w,b,g,b,g
534,b,y,y,g,y,w,b,w,b
535,o,r,g,r,b,w,w,w,w
536,o,r,r,g,r,o,b,o,r
537,y,y,o,g,y,y,g,y,r
538,w,b,g,g,w,r,r,b,g
539,b,g,b,w,y,y,b,w,y
540,b,g,b,w,y,y,b,w,y
541,y,r,w,o,o,o,o,b,y
542,o,g,r,y,g,y,y,y,g
543,b,r,b,g,r,y,o,w,r
544,w,y,b,w,g,r,g,y,b
545,y,b,o,y,y,w,w,r,y
546,g,r,g,o,b,y,g,w,y
547,b,w,b,b,y,y,r,y,g
548,o,g,b,b,o,y,y,o,y
549,y,b,o,o,w,g,g,w,y
550,r,w,g,w,r,g,w,o,r
551,g,o,r,b,r,y,r,y,g
552,b,w,b,o,w,g,y,g,y
553,o,r,w,r,g,o,w,g,w
554,o,r,y,o,b,b,r,y,g
555,g,y,r,o,o,w,o,b,y
556,g,r,o,w,w,g,w,o,w
557,y,o,y,r,r,g,g,b,r
558,r,y,w,y,o,r,o,w,b
559,b,g,y,w,g,b,b,y,o
560,o,w,g,r,w,r,w,g,o
561,w,o,g,r,w,o,w,g,o
562,r,o,y,w,g,b,g,b,g
563,b,g,w,r,y,b,r,w,o
564,y,r,b,o,o,w,y,y,o
565,y,w,o,g,b,y,b,y,b
566,g,r,r,b,r,y,r,g,w
567,y,y,w,o,y,y,y,g,r
568,o,g,o,o,o,y,g,b,o
569,b,o,g,y,r,g,b,w,r
570,b,g,g,y,r,r,g,y,w
571,w,o,y,g,w,b,b,w,r
572,o,g,o,w,g,y,g,b,o
573,b,g,w,o,y,r,b,y,r
574,r,w,r,b,r,o,g,y,b
575,g,g,r,b,g,w,y,g,r
576,w,r,g,g,o,b,o,y,b
577,o,o,b,w,r,y,o,b,g
578,y,b,o,g,g,g,r,g,w
579,w,w,y,y,o,g,r,w,g
580,o,r,w,y,y,r,b,o,g
581,y,o,g,g,w,b,r,o,o
582,o,g,b,w,g,w,r,r,y
583,r,y,w,y,y,r,b,o,g
584,r,r,w,w,b,b,g,o,o
585,y,b,w,y,r,w,b,b,y
586,g,b,o,o,w,o,y,g,r
587,b,g,w,r,o,g,g,y,o
588,b,y,r,o,y,y,g,r,w
589,b,y,r,o,y,y,g,r,w
590,b,b,w,r,r,g,g,b,o
591,g,b,o,o,w,o,y,g,r
592,y,y,w,y,o,w,b,g,y
593,r,w,o,r,b,o,y,w,b
594,g,r,b,b,r,b,o,g,w
595,w,b,o,r,g,g,r,w,g
596,w,w,y,y,o,g,y,y,b
597,o,o,r,b,w,g,g,o,y
598,y,r,r,w,b,w,b,o,o
599,o,w,o,b,o,b,w,r,r
600,b,b,y,y,b,o,b,g,g
601,r,g,r,y,r,o,y,o,b
602,g,w,y,o,g,b,w,y,w
603,o,b,o,r,o,w,g,b,w
604,r,r,g,w,y,w,y,g,o
605,b,g,o,y,w,r,r,r,w
606,b,o,g,w,o,r,w,b,y
607,g,w,b,r,y,y,y,w,b
608,g,g,w,y,r,y,g,b,w
609,y,o,b,y,w,o,y,w,e
610,o,b,r,g,g,g,r,b,r
611,r,r,o,g,b,o,o,r,o
612,w,b,y,o,o,b,b,o,y
613,y,w,w,g,b,w,g,w,b
614,b,b,y,y,r,o,b,g,g
615,w,w,g,b,g,y,w,o,g
616,o,y,o,r,w,r,r,y,o
617,r,g,r,r,y,r,r,g,r
618,y,o,b,b,r,g,y,b,w
619,g,y,w,r,w,r,g,w,w
620,g,o,b,o,o,y,y,b,b
621,b,w,g,r,y,r,w,g,y
622,r,w,o,b,b,y,r,g,r
623,y,b,y,b,r,o,w,g,b
624,o,y,r,g,g,w,o,o,o
625,b,y,b,o,o,b,g,o,y
626,w,r,w,y,w,w,g,r,g
627,w,r,b,g,y,w,y,r,g
628,r,b,r,g,b,w,r,y,o
629,w,r,b,g,y,w,y,r,g
630,r,w,o,y,g,o,o,g,o
631,w,r,w,y,w,w,g,r,g
632,b,g,w,o,r,b,y,b,y
633,y,o,g,b,o,o,b,y,b
634,r,b,o,b,r,g,b,o,g
635,y,g,w,r,w,r,g,w,b
636,w,b,y,o,o,y,r,g,o
637,w,r,w,y,y,w,g,r,g
638,b,g,o,o,g,y,w,w,o
639,y,o,r,b,b,w,b,y,r
640,b,w,o,o,b,y,y,b,o
641,g,y,y,g,r,b,o,r,y
642,b,w,y,y,g,o,w,g,r
643,o,y,g,b,o,o,w,g,g
644,w,r,b,g,w,w,r,b,b
645,r,o,w,r,y,r,g,w,w
646,g,g,w,w,w,g,g,y,o
647,o,w,r,w,o,b,b,o,w
648,b,y,b,g,b,w,b,o,y
649,r,b,g,g,r,o,r,r,r
650,o,y,g,g,w,w,w,g,g
651,y,r,y,y,y,r,g,r,o
652,r,g,r,r,r,b,r,o,g
653,y,r,o,r,y,r,y,y,g
654,r,b,w,w,o,o,o,w,b
655,w,g,o,g,w,y,g,w,g
656,y,o,w,b,g,b,o,y,w
657,y,o,b,w,b,g,b,y,b
658,w,o,b,b,o,w,r,w,o
659,y,o,w,b,g,b,o,y,w
660,r,r,r,o,r,g,g,b,r
661,y,o,b,w,b,g,b,y,b
662,y,r,o,r,y,r,y,y,g
663,w,g,o,g,w,y,g,w,g
664,g,g,w,w,w,g,g,y,o
665,b,g,b,o,b,y,w,w,b
666,o,r,g,r,y,y,y,r,y
667,o,b,y,y,g,o,w,b,w
668,g,o,r,b,r,r,r,g,r
669,g,w,g,y,w,g,o,g,w
670,b,w,o,o,o,w,w,b,r
671,r,g,b,r,b,b,r,y,g
672,y,g,b,b,r,w,y,o,o
673,w,o,o,b,g,w,r,y,w
674,w,o,r,g,o,b,o,w,g
675,w,y,y,o,w,r,y,g,o
676,g,w,g,r,y,r,b,y,b
677,o,b,g,r,r,w,y,g,g
678,y,g,g,w,w,o,w,y,o
679,b,b,y,y,o,o,b,w,w
680,b,r,y,g,y,o,w,r,o
681,r,b,w,y,b,g,g,b,r
682,y,r,o,g,r,b,g,w,g
683,r,r,r,y,g,o,o,w,b
684,o,b,g,r,r,w,y,g,g
685,y,g,g,w,w,o,w,y,o
686,b,b,y,y,o,o,b,w,w
687,b,r,y,g,y,o,w,r,o
688,r,b,w,y,b,g,g,b,r
689,r,r,r,y,g,o,o,w,b
690,r,r,r,y,g,o,o,w,b
691,b,y,b,y,w,g,r,o,y
692,g,w,o,r,g,y,o,r,r
693,g,w,o,r,g,y,o,r,r
694,b,b,y,g,o,o,w,w,o
695,w,w,y,g,r,b,o,o,g
696,o,r,r,o,g,b,y,o,b
697,o,r,r,o,g,b,y,o,b
698,w,w,y,b,o,b,y,b,g
699,w,w,y,b,o,b,y,b,g
700,w,g,y,g,b,r,o,g,r
701,g,w,r,g,g,g,o,b,y
702,b,w,g,o,r,w,b,g,w
703,y,w,r,w,r,o,w,g,w
704,y,y,o,o,g,r,b,r,w
705,r,b,b,y,o,o,g,b,b
706,g,y,g,r,b,g,g,w,o
707,r,b,b,r,w,b,y,g,w
708,y,o,o,y,y,w,o,g,r
709,y,w,b,g,w,b,r,b,g
710,r,y,g,y,g,g,g,r,o
711,b,g,b,w,y,y,g,b,w
712,w,w,w,r,b,w,o,y,y
713,o,o,y,g,o,r,r,r,r
714,r,g,y,b,w,w,g,b,b
715,w,o,y,b,r,o,b,o,o
716,b,y,w,g,y,b,b,w,g
717,b,o,r,w,o,o,y,o,o
718,r,b,b,b,w,g,y,g,b
719,g,r,b,b,r,r,w,o,w
720,o,w,g,g,y,b,y,y,r
721,w,y,y,w,g,y,w,g,o
722,r,y,g,w,b,r,g,r,o
723,o,o,r,y,r,o,y,g,b
724,y,g,r,o,g,y,w,y,g
725,g,b,o,r,o,o,o,r,y
726,r,w,w,r,b,w,o,r,w
727,r,g,w,b,w,b,g,b,g
728,y,w,b,y,y,w,b,g,b
729,o,w,r,y,b,y,y,r,g
730,y,o,o,o,r,o,w,g,y
731,g,g,w,r,g,w,o,y,w
732,r,b,r,r,o,o,o,r,b
733,w,b,g,g,w,b,r,b,g
734,y,w,b,y,y,w,b,g,b
735,g,w,w,r,b,w,o,r,w
736,r,o,r,r,r,o,o,g,b
737,o,y,r,y,y,y,y,g,g
738,g,r,g,b,w,b,w,g,r
739,b,y,y,g,y,w,b,w,b
740,b,y,y,g,y,w,b,w,b
741,w,o,y,r,o,b,y,o,o
742,r,y,g,g,g,y,o,y,y
743,b,y,r,r,r,w,b,g,o
744,b,r,b,y,g,y,w,w,g
745,o,w,y,b,y,r,y,y,w
746,g,y,y,r,b,w,g,o,g
747,b,y,g,w,y,y,b,b,r
748,b,y,y,g,o,o,o,b,y
749,o,g,y,b,w,w,y,o,g
750,g,g,r,w,r,o,r,w,w
751,r,y,g,o,r,y,g,b,r
752,b,g,y,w,w,g,b,o,y
753,w,o,w,r,g,g,o,r,w
754,y,b,g,r,b,y,o,o,r
755,r,w,y,y,o,b,g,o,o
756,o,g,w,r,w,o,g,w,w
757,y,g,r,o,r,b,y,r,g
758,w,r,b,y,o,w,r,y,o
759,y,b,o,g,g,y,b,w,b
760,g,r,o,w,w,g,o,r,w
761,g,o,o,o,w,g,w,r,w
762,y,b,g,o,g,b,r,w,g
763,w,b,o,g,y,w,b,r,r
764,b,w,o,r,o,y,y,o,y
765,o,y,b,w,b,y,y,g,b
766,r,y,w,r,r,g,g,b,r
767,w,y,r,y,y,g,y,o,y
768,o,y,o,g,o,b,o,o,g
769,g,g,r,o,w,w,b,y,b
770,g,r,w,g,r,y,b,y,g
771,y,b,r,o,w,w,w,g,b
772,o,y,o,g,g,b,o,w,g
773,w,r,r,g,y,y,b,o,b
774,r,o,b,w,r,y,r,b,g
775,r,w,r,g,g,g,g,b,y
776,g,b,b,r,o,y,w,g,o
777,b,y,g,o,r,b,o,w,o
778,o,g,w,b,g,g,y,g,r
779,y,g,g,w,o,w,w,y,r
780,w,r,g,r,y,o,o,y,b
781,g,b,o,o,w,o,y,g,r
782,b,w,y,g,g,r,o,w,r
783,w,r,g,y,y,o,r,y,b
784,w,b,o,r,b,o,r,w,g
785,w,w,y,b,r,b,y,y,b
786,o,o,r,b,w,g,g,o,y
787,w,g,o,g,o,y,b,r,g
788,r,y,w,y,y,r,b,o,g
789,r,y,w,y,y,r,b,o,g
790,w,g,o,b,r,b,b,r,g
791,o,o,r,b,w,g,g,o,y
792,w,w,y,y,o,g,y,y,b
793,o,o,b,w,b,w,r,r,y
794,b,b,w,r,r,g,g,b,o
795,o,g,g,b,g,w,w,r,r
796,y,g,b,w,o,y,w,y,y
797,r,g,y,o,w,o,o,b,g
798,r,w,o,r,b,o,y,w,b
799,o,b,r,w,o,r,o,b,w
800,y,o,g,b,b,g,b,y,b